Name,Link,Rating,Price,Discount,Pack,Ingredients,Discription
"CoCo Yogurt, with Coffee and Cocoa for Rich Moisturization - 200 ml",https://mamaearth.in/product/coco-yogurt-with-coffee-and-cocoa-for-rich-moisturization-200ml,5,499,0%,200ml,"['coffee', 'cocoa', 'glycerin']","CoCo Yogurt, with Coffee and Cocoa for Rich Moisturization - 200 ml"
Retinol Face Wash with Retinol & Bakuchi for Fine Lines and Wrinkles – 100 ml,https://mamaearth.in/product/retinol-face-wash-with-retinol-bakuchi-for-fine-lines-and-wrinkles-100-ml,5,299,0%,100ml,"['retinol', 'bakuchi oil', 'oat amino extract']","Retinol Face Wash with Retinol & Bakuchi for Fine Lines and Wrinkles – 100 mlKeep them guessing your age as they admire your glowing and youthful skin!Mamaearth Retinol Face Wash is the elixir of youth you need. Formulated with potent Retinol - the most trusted ingredient to fight signs of aging - and the natural goodness of Bakuchi, this face wash will become your skin’s BFF in no time. Mamaearth Retinol Face Wash accelerates skin cell turnover, washes away impurities and fights signs of aging. Trust this classic mix of science and nature for reducing age spots, and for fading fine lines and wrinkles - giving you a new youthful look.
Start your morning with this power-packed face wash that’s suitable for all skin types.And because of our no toxins and harmful chemicals promise, you won’t find any Silicones, Parabens, Mineral Oil &amp; Dyes in any of our products."
Tea Tree Foaming Face Wash with Tea Tree & Salicylic Acid for Acne & Pimples – 150ml,https://mamaearth.in/product/tea-tree-foaming-face-wash-with-tea-tree-salicylic-acid-for-acne-pimples-150ml,4.9,399,0%,150ml,"['tea tree', 'salicylic acid', 'neem', 'aloe vera']","Tea Tree Foaming Face Wash with Tea Tree & Salicylic Acid for Acne & Pimples – 150mlAcne-prone skin needs tender loving care. Say hello to your new BFF - Mamaearth Tea Tree Foaming Face Wash crafted with the antibacterial goodness of Tea Tree & acne-fighting benefits of Salicylic Acid. Together they clear pore congestion, fight bacteria, and control excess oil secretion. Acne and pimples won’t stand a chance.Gentle and effective, this extremely hardworking face wash comes with an in-built silicone brush for easy application. It’s gentle and at the same time enables deep penetration of the product for effective cleansing. Just pump, massage and wash!Dermatologically tested, the Tea Tree Foaming Face Wash has no harmful chemicals and is free of Toxins, Parabens, and Mineral Oils."
Tea Tree Face Serum,https://mamaearth.in/product/tea-tree-face-serum,4.9,599,0%,null,"['tea tree oil', 'salicylic acid', 'licorice extract']","Tea Tree Face SerumPrevent acne breakouts and purify your skin with nature’s best! It’s time to welcome clear, acne-free skin with Mamaearth Tea Tree Face Serum.Formulated with the goodness of Tea Tree Oil and the power of Salicylic Acid, the lightweight serum controls oil, gently unclogs pores and kills bacteria. It restores the skin’s protective barrier to its optimum health leaving you with clear, acne-free skin.The powerful antioxidants in the serum help reduce acne marks and reverse UV triggered pigmentation leading to an even skin tone.Mamaearth Tea Tree Face Serum absorbs easily and is free of harmful toxins such as Parabens, Mineral Oil, Silicones, etc."
Retinol Face Serum,https://mamaearth.in/product/mamaearth-retinol-face-serum,4.9,799,0%,null,"['retinol', 'bakuchi', 'linseed oil', 'cotton seed oil']","Retinol Face SerumKeep them guessing your age as you reverse the hands of time! Powered with super-effective Retinol and the natural goodness of Bakuchi, Retinol Face Serum restores the skin’s bounce, smoothes fine lines and wrinkles, and reduces dark spots to give you skin that’s ageless.With time, the skin’s cell turnover starts to slow down, causing the skin to lose its elasticity and becoming prone to discoloration and other signs of aging like wrinkles and fine lines. With a high concentration of antioxidants, Retinol boosts collagen and increases cell turnover, reducing lines and wrinkles. Meanwhile, Bakuchi, often called a natural form of Retinol, helps alter mature skin cells’ behavior, so they act more youthful.Regular use renews and revives aging skin, giving you an even skin tone and improving texture. The serum performs its repairing functions at night, and hence it’s advisable to use this serum at night after cleansing and before going to sleep. It is suitable for all skin types & free of alcohol & harmful toxins such as Parabens, Mineral Oil, Silicones, etc."
"Onion Conditioner for Hair Growth and Hair Fall Control with Onion and Coconut, 25ml",https://mamaearth.in/product/onion-conditioner-for-hair-growth-and-hair-fall-control-with-onion-and-coconut-25ml,5,99,0%,25ml,"['onion seed oil', 'coconut', 'almond oil', 'coconut triglycerides']","Onion Conditioner for Hair Growth and Hair Fall Control with Onion and Coconut, 25ml"
Complete Skin Glow Kit ,https://mamaearth.in/product/complete-skin-glow-kit,5,949,27%,null,"['cucumber extract', 'turmeric', 'vitamin c', 'mulberry']","Complete Skin Glow Kit Don’t let dull skin and dark circles define you or bring your spirits down. The Complete Skin Glow Kit is here to revive that young radiant glow you were born with in 3 easy steps – face wash, face cream, and under eye cream.The pure healing, nourishing & hydrating nature of Vitamin C, Turmeric, Cucumber & Mulberry in the Mamaearth Complete Skin Glow Kit will fight dark circles, reduce pigmentation & fade blemishes. Overall it will brighten, tighten & strengthen your skin inside-out in a safe & smooth manner. Once again, you’ll be confident, happy, and comfortable in your own skin!The pure healing, nourishing & hydrating nature of Vitamin C, Turmeric, Cucumber & Mulberry in the Mamaearth Complete Skin Glow Kit will fight dark circles, reduce pigmentation & fade blemishes. Overall it will brighten, tighten & strengthen your skin inside-out in a safe & smooth manner. Once again, you’ll be confident, happy, and comfortable in your own skin!And because of our no toxins and harmful chemicals philosophy, you won’t find any Silicones, Parabens, Mineral Oil & Dyes in our Complete Skin Glow Kit – just as you would want your products.Bye Bye Blemishes – 30mlUbtan Face Wash – 1oomlUnder Eye Cream – 50ml"
Coco Intense Skin Awakening Kit,https://mamaearth.in/product/coco-intense-skin-awakening-kit,5,799,27%,null,"['cocoa', 'coffee', 'shea butter', 'glycerin']","Coco Intense Skin Awakening KitSay hello to your next skincare obsession- Coco Intense Skin Awakening Kit- to treat your skin just the way chocolate treats your soul.This unanimous blend of Coco with Coffee promises to stop time with its antioxidants properties, keeping fine lines and wrinkles at bay. This natural Mamaearth face kit will gently exfoliate and remove dead skin, excess oil, and bacteria revealing a brighter, happier & well-nourished skin. It is a boon for both oily skin and dry skin due to the soothing, mattifying, and hydrating benefits of Coco, Coffee, Shea Butter & Glycerin. Now, your face too can enjoy a refreshing charge of cocoa-coffee whenever it looks dull or fatigued.This unanimous blend of Coco with Coffee promises to stop time with its antioxidants properties, keeping fine lines and wrinkles at bay. This natural Mamaearth face kit will gently exfoliate and remove dead skin, excess oil, and bacteria revealing a brighter, happier & well-nourished skin. It is a boon for both oily skin and dry skin due to the soothing, mattifying, and hydrating benefits of Coco, Coffee, Shea Butter & Glycerin. Now, your face too can enjoy a refreshing charge of cocoa-coffee whenever it looks dull or fatigued.And because of our no toxins and harmful chemicals philosophy, you won’t find any Silicones, Parabens, Mineral Oil & Dyes in our Coco Intense Skin Awakening Kit – just as you would want your products.Coco Face Wash – 100mlCoco Face Mask – 100gCoco Face Scrub – 100g"
Vitamin C Radiance Combo,https://mamaearth.in/product/vitamin-c-radiance-combo,5,824,3%,null,"['vitamin c', 'turmeric', 'aloe vera', 'nymphaea alba flower extract']","Vitamin C Radiance ComboBelieve in the power of Vitamin C, because it’s time to treat the skin you’re in! Get your glow on with Vitamin C radiance combo containing Vitamin C enriched face wash and serum.With every wash, the face wash ensures that you get brighter skin by removing dirt and other pollutants from the skin’s surface. After the wash, treat your face with the serum to achieve glowing skin with reduces signs of aging. The potent Vitamin C and traditional Turmeric present in the two is perfect for skin illumination like never before.With every wash, the face wash ensures that you get brighter skin by removing dirt and other pollutants from the skin’s surface. After the wash, treat your face with the serum to achieve glowing skin with reduces signs of aging. The potent Vitamin C and traditional Turmeric present in the two is perfect for skin illumination like never before.Mamaearth Vitamin C Combo for Radiant Skinis free of harmful toxins such as Parabens, Mineral Oil, Silicones, etc.Vitamin C Face Wash – 100mlVitamin C Face Serum - 30g"
Vitamin C Clear Skin Combo - 200 ml,https://mamaearth.in/product/vitamin-c-clear-skin-combo-200-ml,5,724,3%,200ml,"['vitamin c', 'turmeric', 'kaolin clay', 'aloe vera']","Vitamin C Clear Skin Combo - 200 mlCraving that glow? Get that glow going with natural ingredients in our Vitamin C Clear Skin Combo. Vitamin C is the standard gold ingredient for reversing UV and free radical damage, while Kaolin Clay acts as a magnet that clears the pores of toxins and impedes bacteria growth to keep the skin clear, smooth, and firm.The Vitamin C Clear Skin Combo is ideal for skin illumination, is suitable for all skin types, and is free of Parabens, Silicones, Sulfates, Phthalates, and Artificial Colors.The Vitamin C Clear Skin Combo is ideal for skin illumination, is suitable for all skin types, and is free of Parabens, Silicones, Sulfates, Phthalates, and Artificial Colors.Vitamin C Face Wash – 100 mlVitamin C Face Mask– 100 g"
Vitamin C Skincare Regimen Kit,https://mamaearth.in/product/vitamin-c-skincare-regimen-kit,5,899,28%,null,"['vitamin c', 'turmeric', 'common purslane', 'cucumber']","Vitamin C Skincare Regimen KitCleansing, Toning, and Moisturizing – You’ve got the perfect skin regimen covered! What could be better than this regimen containing potent Vitamin C and other natural ingredients!Make Vitamin C Skincare Regimen a part of your everyday routine for the skin of your desires. First, cleanse your face with Vitamin C & traditional Turmeric-induced face wash, and follow it up with soothing toner to tighten pores. Lastly, make your skin glow while sun-protecting it with face cream with SPF 20.Make Vitamin C Skincare Regimen a part of your everyday routine for the skin of your desires. First, cleanse your face with Vitamin C & traditional Turmeric-induced face wash, and follow it up with soothing toner to tighten pores. Lastly, make your skin glow while sun-protecting it with face cream with SPF 20.And because of our no toxins and harmful chemicals philosophy, you won’t find any Silicones, Parabens, Mineral Oil & Dyes in our Vitamin C Skincare Regimen Kit– just as you would want your products.Vitamin C Face Wash – 100mlVitamin C Face Toner – 200mlVitamin C Face Cream – 50g"
Vitamin C Overnight Skin Glow Kit,https://mamaearth.in/product/vitamin-c-overnight-skin-glow-kit,5,899,28%,null,"['vitamin c', 'turmeric', 'aloe vera', 'cucumber']","Vitamin C Overnight Skin Glow KitWake up and glow with Vitamin C Overnight Skin Glow Kit! Get the skin you’ve always dreamt of having with a Vitamin C rich before bed skin regimen in place.While you protect your skin during the day, you need Vitamin C Overnight Skin Glow Kit to repair, hydrate, nourish, and rejuvenate at night. The nighttime skin regimen contains a face wash to wash away the impurities, followed by a toner to tighten the pores and a sleeping mask that replenishes the lost radiance. Wake up to a brighter and glowing you every morning.While you protect your skin during the day, you need Vitamin C Overnight Skin Glow Kit to repair, hydrate, nourish, and rejuvenate at night. The nighttime skin regimen contains a face wash to wash away the impurities, followed by a toner to tighten the pores and a sleeping mask that replenishes the lost radiance. Wake up to a brighter and glowing you every morning.And because of our no toxins and harmful chemicals philosophy, you won’t find any Silicones, Parabens, Mineral Oil & Dyes in our Vitamin C Overnight Skin Glow Kit – just as you would want your products.Vitamin C Face Wash – 100mlVitamin C Toner – 1oomlVitamin C Sleeping Mask – 100g"
Vitamin C Glowing Skin Combo,https://mamaearth.in/product/vitamin-c-glowing-skin-combo,5,634,2%,null,"['vitamin c', 'turmeric', 'aloe vera', 'cucumber']","Vitamin C Glowing Skin ComboIt’s time to be a glow getter with the goodness of natural ingredients in our Vitamin C Glowing Skin Combo that’s just the perfect choice for skin illumination.The first step in a skincare routine, cleansing or washing your face, helps eliminate excess oil, dirt, and lethargy. Mamaearth Vitamin C Face Wash with Vitamin C and Turmeric's goodness has brightening properties to give your skin a natural glow. The first step in a skincare routine, cleansing or washing your face, helps eliminate excess oil, dirt, and lethargy. Mamaearth Vitamin C Face Wash with Vitamin C and Turmeric's goodness has brightening properties to give your skin a natural glow. The second step in a skincare routine is toning, which helps clean leftover impurities and excess oil from the face. An awesome product for pore tightening, Mamaearth Vitamin C Face Toner also cleanses pores from within while protecting the skin from acne and breakouts.And because of our no toxins and harmful chemicals philosophy, you won’t find any Silicones, Parabens, Mineral Oil & Dyes in our Vitamin C Combo for Glowing Skin – just as you would want your products.Vitamin C Face Wash – 100mlVitamin C Toner – 1ooml"
Niacinamide Bamboo Sheet Mask with Niacinamide & Ginger Extract for Clear & Glowing Skin - Pack of 2 (25 g * 2),https://mamaearth.in/product/niacinamide-bamboo-sheet-mask-with-niacinamide-ginger-extract-for-clear-glowing-skin-25-g-1,5,298,0%,225g,"['niacinamide', 'ginger extract', 'tea tree oil', 'citric acid']","Niacinamide Bamboo Sheet Mask with Niacinamide & Ginger Extract for Clear & Glowing Skin - Pack of 2 (25 g * 2)Sheet masks are a super satisfying, convenient, and fun way to give your skin some TLC at home. Your skin gets an instant boost of suppleness because each sheet mask is packed with nine days of serum hydration. Formulated with the power of Niacinamide and Ginger, the sheet mask will also help your skin tone and texture, and it’s proven to reduce acne marks & scars.Mamaearth sheet masks are extremely gentle and safe for you because they are made from bamboo, unlike other sheet masks that are made of polyester - a first for India. They’re biodegradable, making them good for you and good for the environment! The sheet mask is suitable for all skin types, is free of alcohol & harmful toxins such as Parabens, Mineral Oil, Silicones, etc."
Vitamin C Bamboo Sheet Mask with Vitamin C & Honey for Skin Illumination - Pack of 2 (25 g * 2),https://mamaearth.in/product/vitamin-c-bamboo-sheet-mask-with-vitamin-c-honey-for-skin-illumination-25-g-1,5,298,0%,225g,"['vitamin c', 'honey', 'argan oil', 'niacinamide']","Vitamin C Bamboo Sheet Mask with Vitamin C & Honey for Skin Illumination - Pack of 2 (25 g * 2)Need that instant Vitamin C glow for your skin? Vitamin C Bamboo Sheet Mask is the pick me up your skin needs! Go, become a glow getter in just 15 minutes.Crafted with the goodness of Vitamin C and Honey, the sheet mask helps fight free-radical damage and reduces dark spots. Honey keeps the skin moisturized and plump. Together, they will make your skin look radiant. Want more? Our sheet masks come packed with nine days of serum hydration, giving you the shot of suppleness it needs.Mamaearth sheet masks are India’s 1st Bamboo-Based Masks, which means they’re gentle and biodegradable - great for your skin and great for the environment. The sheet mask is suitable for all skin types, is free of alcohol & harmful toxins such as Parabens, Mineral Oil, Silicones, etc."
Rice Water Bamboo Sheet Mask with Rice Water & Coconut Milk for Deep Hydration - Pack of 2 (25 g * 2),https://mamaearth.in/product/rice-water-bamboo-sheet-mask-with-rice-water-coconut-milk-for-deep-hydration-25-g-1,5,298,0%,225g,"['rice water', 'coconut milk', 'argan oil', 'palm extract']","Rice Water Bamboo Sheet Mask with Rice Water & Coconut Milk for Deep Hydration - Pack of 2 (25 g * 2)Nothing’s as nice as rice for hydrated, nourished, and supple skin! Give your skin a spa treatment in just 15 minutes with Mamaearth Rice Water Bamboo Sheet Mask. Crafted with the goodness of Rice Water and Coconut, the sheet mask has ingredients that are extremely hydrating, help clear patchy skin, and encourage skin brightening. Rice Water is filled with amino acids, which makes the skin brighter while Coconut promotes firmness, making skin look smoother and softer. Plus the sheet mask comes packed with nine days of serum hydration. This is India’s 1st Bamboo-Based Sheet Mask. It’s gentle on your skin and biodegradable, making it great for you and for the environment. It is suitable for all skin types, is free of alcohol & harmful toxins such as Parabens, Mineral Oil, Silicones, etc.This is India’s 1st Bamboo-Based Sheet Mask. It’s gentle on your skin and biodegradable, making it great for you and for the environment. It is suitable for all skin types, is free of alcohol & harmful toxins such as Parabens, Mineral Oil, Silicones, etc."
Ubtan Bamboo Sheet Mask with Turmeric & Saffron for Skin Brightening - Pack of 2 (25 g * 2),https://mamaearth.in/product/ubtan-bamboo-sheet-mask-with-turmeric-saffron-for-skin-brightening-25-g-1,5,298,0%,225g,"['turmeric', 'saffron', 'green tea', 'kiwi']","Ubtan Bamboo Sheet Mask with Turmeric & Saffron for Skin Brightening - Pack of 2 (25 g * 2)Do you want the traditional goodness of Turmeric and Saffron, without the hassle? Yes, please! Get brighter, more hydrated and fresher looking skin with Ubtan Bamboo Sheet Mask. This sheet mask is super effective as each one comes packed with nine days of serum hydration, making your skin brighter in just 15 minutes. Time to Get, Set, GLOW! Crafted with the goodness of Turmeric and Saffron, the Ubtan Bamboo Sheet Mask will help you win the battle against dull skin, dark spots & pigmentation. Our sheet masks aren’t just good for your skin, they’re environment-friendly too because they’re India’s 1st Bamboo-Based Sheet Masks. They are suitable for all skin types, are free of alcohol & harmful toxins such as Parabens, Mineral Oil, Silicones, etc.Our sheet masks aren’t just good for your skin, they’re environment-friendly too because they’re India’s 1st Bamboo-Based Sheet Masks. They are suitable for all skin types, are free of alcohol & harmful toxins such as Parabens, Mineral Oil, Silicones, etc."
CoCo Bamboo Sheet Mask with Coffee & Cocoa for Skin Awakening - Pack of 2 (25 g * 2),https://mamaearth.in/product/coco-bamboo-sheet-mask-with-coffee-cocoa-for-skin-awakening-25-g-1,5,298,0%,225g,"['coffee', '', 'theobroma cacao', 'niacinamide', 'citric acid']","CoCo Bamboo Sheet Mask with Coffee & Cocoa for Skin Awakening - Pack of 2 (25 g * 2)Kick off your shoes, get comfortable, and reward your skin with an indulgent and hydrating sheet mask, much like a relaxing day at the spa! It’s easy to use, convenient and will unmask thoroughly refreshed and glowing skin in minutes. Our CoCo Sheet Mask is super effective as each one comes packed with nine days of serum hydration, making your skin supple and softer in just 15 minutes. Mamaearth CoCo Bamboo Sheet Mask is crafted with the goodness of Coffee and Cocoa that are loaded with antioxidants and have excellent soothing properties. These together fight free radical damage, restoring and energizing your skin.Our sheet masks are also India’s 1st Bamboo-Based Sheet Masks, which makes them skin as well as environment-friendly. The sheet mask is suitable for all skin types, is free of alcohol & harmful toxins such as Parabens, Mineral Oil, Silicones, etc."
Retinol Bamboo Sheet Mask with Retinol & Bakuchi for Fine Lines & Wrinkles - Pack of 2 (25 g * 2),https://mamaearth.in/product/retinol-bamboo-sheet-mask-with-retinol-bakuchi-for-fine-lines-wrinkles-25-g-1,5,298,0%,225g,"['retinol', '', '', 'bakuchi', 'vitamin c', 'grape seed']","Retinol Bamboo Sheet Mask with Retinol & Bakuchi for Fine Lines & Wrinkles - Pack of 2 (25 g * 2)Defy the hands of time and bring back that youthful-looking skin! Say goodbye to fine lines and other signs of aging with Mamaearth Retinol Bamboo Sheet Mask. The super effective sheet mask also packs in nine days of serum hydration in one go, leaving your skin supple and soft.  "
Tea Tree Hair Oil with Tea Tree & Ginger Oil for Dandruff Free Hair – 250ml,https://mamaearth.in/product/tea-tree-hair-oil-with-tea-tree-ginger-oil-for-dandruff-free-hair-250ml,5,499,0%,250ml,"['tea tree', 'ginger', 'bhringraj', 'salicylic acid']","Tea Tree Hair Oil with Tea Tree & Ginger Oil for Dandruff Free Hair – 250mlThe ultimate answer to dandruff and itchy scalp is here! Mamaearth Tea Tree Hair Oil, crafted with the natural goodness of Tea Tree & Ginger Oil, has anti-bacterial and antifungal properties that gently treat the scalp and banish dandruff-causing bacteria.Our Tea Tree Hair Oil penetrates deeply and promotes healthy hair growth by unclogging scalp build-up and nourishing hair follicles. Bid farewell to hair damage and itchy scalp. Say hello to voluminous and healthy hair and a dandruff-free scalp.Dermatologically tested, this Tea Tree Hair Oil has no harmful chemicals and is free of Toxins, Parabens, and Mineral Oils."
Argan Hair Oil with Argan Oil & Avocado Oil for Frizz-Free & Stronger Hair – 250 ml,https://mamaearth.in/product/argan-hair-oil-with-argan-oil-avocado-oil-for-frizz-free-stronger-hair-250-ml,5,599,0%,250ml,"['argan oil', 'avocado oil', 'coconut oil', 'castor oil']",Argan Hair Oil with Argan Oil & Avocado Oil for Frizz-Free & Stronger Hair – 250 ml
Hyaluronic Bamboo Sheet Mask with Rosehip Oil for Soft & Plump Skin - Pack of 2 (25 g * 2),https://mamaearth.in/product/hyaluronic-bamboo-sheet-mask-with-rosehip-oil-for-soft-plump-skin-25-g-1,4.8,298,0%,225g,"['hyaluronic acid', 'rosehip oil', 'niacinamide', 'honey']","Hyaluronic Bamboo Sheet Mask with Rosehip Oil for Soft & Plump Skin - Pack of 2 (25 g * 2)You asked, we delivered. Meet your ultimate ‘me time’ BFF! Mamaearth Hyaluronic Bamboo Sheet Mask with Hyaluronic Acid and Rosehip Oil. Say hello to skin that’s soft, plump and super hydrated. It’s also quick, easy, and super effective as it comes packed with nine days of serum hydration. Yup, you read that right! The goodness doesn't stop here. The Sheet Mask fights all major signs of aging, and reduces the appearance of open pores. Whether your plans involve a quick outing with friends or a dinner date with your BFF, this sheet mask is your ultimate partner. Mamaearth sheet masks are India’s 1st Bamboo-Based Masks, which makes them skin as well as environment-friendly. It is suitable for all skin types, and is free of alcohol & harmful toxins such as Parabens, Mineral Oil, Silicones, etc."
Vitamin C Sleeping Mask with Aloe Vera for Skin Illumination - 15 g,https://mamaearth.in/product/vitamin-c-sleeping-mask-with-aloe-vera-for-skin-illumination-15-g,4.8,99,0%,15g,"['vitamin c', 'aloe vera']",Vitamin C Sleeping Mask with Aloe Vera for Skin Illumination - 15 g
Ubtan Night Face Mask with Turmeric & Niacinamide for Glowing Skin – 100 g,https://mamaearth.in/product/ubtan-night-face-mask-with-turmeric-niacinamide-for-glowing-skin-100-g,5,599,0%,100g,"['turmeric', 'niacinamide', 'aloe vera', 'ascorbyl-2 glucoside (vitamin c)']","Ubtan Night Face Mask with Turmeric & Niacinamide for Glowing Skin – 100 gReady to wake up to brighter and clearer looking skin? Mamaearth Ubtan Night Face Mask goes to work while you sleep and preps the skin overnight to give you that wonderful morning glow.Crafted with the goodness of Turmeric and the power of Niacinamide, Mamaearth UbtanNight Face Mask helps repair damaged cells while keeping the skin hydrated and promoting collagen production. Prepare to fall in love with its beautiful smooth texture which feels relaxing and absorbs instantly. Apply it at night and open your eyes to bright & well-rested skin in the morning.The product is dermatologically tested and is suitable for all skin types. It contains no harmful chemicals, toxins, or Parabens and is 100% safe to add to your PM skin regimen."
Essential Anti-Hair Fall Kit,https://mamaearth.in/product/essential-anti-hair-fall-kit,5,1199,29%,null,"['onion', 'niacinamide', 'keratin', 'redensyl']","Essential Anti-Hair Fall KitTime to say goodbye to hair fall with Mamaearth Essential Anti-Hair Fall Kit! Powered with the goodness of onion, it’s the only defense you need to combat hair fall. Let nature’s goodness be your choice to control hair fall, revive hair, and improve overall hair quality.Loaded with the goodness of ingredients like Onion, Niacinamide, Keratin, Bhringraj, Amla, Pea Sprouts, Redensyl, and Vitamin E – the Essential Anti-Hair Fall Kit improves hair growth and strengthens hair roots. Rich in sulfur content, Onion is an exceptionally powerful ingredient that makes hair stronger and reduces breakage. Niacinamide stimulates blood circulation and promotes faster absorption of nutrients. Mamaearth Essential Anti-Hair Fall Kit is safe for colored & chemically treated hair; the products in this combo are free of harmful chemicals & toxins such as Silicones, Parabens, Mineral Oil & Dyes.Onion Scalp Serum – 50ml Onion Shampoo – 250mlOnion Conditioner – 250ml Onion Oil – 150ml "
Anti-Pollution Kit,https://mamaearth.in/product/anti-pollution-kit,5,999,26%,null,"['coffee', 'cocoa', 'vitamin c', 'aloe vera', 'turmeric']","Anti-Pollution KitFight the odds of dull and uneven skin tone with a revitalizing and rejuvenating skincare regimen prepped to face the forces of nature.Mamaearth Anti-Pollution Kit formulated with natural, antioxidant, and toxin-free ingredients like Cocoa, Coffee, Vitamin C, Aloe Vera & Turmeric keeps your skin immune against pollution, sun, and free radical damage. The products in the kit are gentle, lightweight, non-comedogenic, and highly effective for achieving a clear, smooth, and flawless complexion with religious use.And because of our no toxins and harmful chemicals philosophy, you won’t find any Silicones, Parabens, Mineral Oil & Dyes.Coco Face Scrub - 100gCoCo Face Wash - 100mlVitamin C Toner - 200mlAnti-Pollution Daily Face Cream- 80ml"
Wedding Glow Skin Rejuvenation Kit,https://mamaearth.in/product/wedding-glow-skin-rejuvenation-kit,5,1349,25%,null,"['turmeric', 'saffron', 'mulberry extract', 'aloe vera']","Wedding Glow Skin Rejuvenation KitIt’s time to prep-up for the wedding season with the goodness of Mamaearth. Bring home Mamaearth Wedding Glow Skin Rejuvenation Kit and start your journey to glowing skin with our non-toxic & safe products. Welcome skin that is clean, clear, and glows naturally! Fortified with the healing goodness of Turmeric, skin-brightening effects of Mulberry & Vitamin C, and soothing properties of Aloe Vera, the kit uplifts and lets your inner radiance shine forth, making you look like a dream.Ubtan Face Wash - 100mlUbtan Face Mask- 100gAnti-Pollution Daily Face Cream- 80mlBye Bye Blemishes- 30mlAloe Turmeric Gel- 150ml"
Hyaluronic Bamboo Sheet Mask with Rosehip Oil for Soft & Plump Skin - 25 g,https://mamaearth.in/product/hyaluronic-bamboo-sheet-mask-with-rosehip-oil-for-soft-plump-skin-25-g,5,149,0%,25g,"['hyaluronic acid', 'rosehip oil', 'niacinamide', 'honey']","Hyaluronic Bamboo Sheet Mask with Rosehip Oil for Soft & Plump Skin - 25 gYou asked, we delivered. Meet your ultimate ‘me time’ BFF! Mamaearth Hyaluronic Bamboo Sheet Mask with Hyaluronic Acid and Rosehip Oil. Say hello to skin that’s soft, plump and super hydrated. It’s also quick, easy, and super effective as it comes packed with nine days of serum hydration. Yup, you read that right! The goodness doesn't stop here. The Sheet Mask fights all major signs of aging, and reduces the appearance of open pores. Whether your plans involve a quick outing with friends or a dinner date with your BFF, this sheet mask is your ultimate partner. Mamaearth sheet masks are India’s 1st Bamboo-Based Masks, which makes them skin as well as environment-friendly. It is suitable for all skin types, and is free of alcohol & harmful toxins such as Parabens, Mineral Oil, Silicones, etc."
Retinol Bamboo Sheet Mask with Retinol & Bakuchi for Fine Lines & Wrinkles - 25 g,https://mamaearth.in/product/retinol-bamboo-sheet-mask-with-retinol-bakuchi-for-fine-lines-wrinkles-25-g,5,149,0%,25g,"['retinol', '', '', 'bakuchi', 'vitamin c', 'grape seed']","Retinol Bamboo Sheet Mask with Retinol & Bakuchi for Fine Lines & Wrinkles - 25 gDefy the hands of time and bring back that youthful-looking skin! Say goodbye to fine lines and other signs of aging with Mamaearth Retinol Bamboo Sheet Mask. The super effective sheet mask also packs in nine days of serum hydration in one go, leaving your skin supple and soft.  "
CoCo Bamboo Sheet Mask with Coffee & Cocoa for Skin Awakening - 25 g,https://mamaearth.in/product/coco-bamboo-sheet-mask-with-coffee-cocoa-for-skin-awakening-25-g,5,149,0%,25g,"['coffee', '', 'theobroma cacao', 'niacinamide', 'citric acid']","CoCo Bamboo Sheet Mask with Coffee & Cocoa for Skin Awakening - 25 gKick off your shoes, get comfortable, and reward your skin with an indulgent and hydrating sheet mask, much like a relaxing day at the spa! It’s easy to use, convenient and will unmask thoroughly refreshed and glowing skin in minutes. Our CoCo Sheet Mask is super effective as each one comes packed with nine days of serum hydration, making your skin supple and softer in just 15 minutes. Mamaearth CoCo Bamboo Sheet Mask is crafted with the goodness of Coffee and Cocoa that are loaded with antioxidants and have excellent soothing properties. These together fight free radical damage, restoring and energizing your skin.Our sheet masks are also India’s 1st Bamboo-Based Sheet Masks, which makes them skin as well as environment-friendly. The sheet mask is suitable for all skin types, is free of alcohol & harmful toxins such as Parabens, Mineral Oil, Silicones, etc."
"Pro-Growth Hair Tonic for better hair growth, 100ml",https://mamaearth.in/product/buy-hair-growth-tonic,4.8,499,0%,100ml,"['korean red ginseng', 'caffeine', 'basil oil']","Pro-Growth Hair Tonic for better hair growth, 100ml"
Rice Water Bamboo Sheet Mask with Rice Water & Coconut Milk for Deep Hydration - 25 g ,https://mamaearth.in/product/rice-water-bamboo-sheet-mask-with-rice-water-coconut-milk-for-deep-hydration-25-g,5,149,0%,25g,"['rice water', 'coconut milk', 'argan oil', 'palm extract']","Rice Water Bamboo Sheet Mask with Rice Water & Coconut Milk for Deep Hydration - 25 g Nothing’s as nice as rice for hydrated, nourished, and supple skin! Give your skin a spa treatment in just 15 minutes with Mamaearth Rice Water Bamboo Sheet Mask. Crafted with the goodness of Rice Water and Coconut, the sheet mask has ingredients that are extremely hydrating, help clear patchy skin, and encourage skin brightening. Rice Water is filled with amino acids, which makes the skin brighter while Coconut promotes firmness, making skin look smoother and softer. Plus the sheet mask comes packed with nine days of serum hydration. This is India’s 1st Bamboo-Based Sheet Mask. It’s gentle on your skin and biodegradable, making it great for you and for the environment. It is suitable for all skin types, is free of alcohol & harmful toxins such as Parabens, Mineral Oil, Silicones, etc.This is India’s 1st Bamboo-Based Sheet Mask. It’s gentle on your skin and biodegradable, making it great for you and for the environment. It is suitable for all skin types, is free of alcohol & harmful toxins such as Parabens, Mineral Oil, Silicones, etc."
"Root Restore Hair Oil for hair fall reduction, 100ml",https://mamaearth.in/product/buy-natural-hair-oil,4.8,399,0%,100ml,"['bhringraj oil', 'rosemary oil', 'vitamin e']","Root Restore Hair Oil for hair fall reduction, 100ml"
"Happy Heads Shampoo for healthy & stronger hair, 200ml",https://mamaearth.in/product/buy-organic-shampoo-online,4.8,349,0%,200ml,"['biotin', 'horse chestnut', 'amla extract', 'bhringraj extract']","Happy Heads Shampoo for healthy & stronger hair, 200ml"
Niacinamide Bamboo Sheet Mask with Niacinamide & Ginger Extract for Clear & Glowing Skin - 25 g,https://mamaearth.in/product/niacinamide-bamboo-sheet-mask-with-niacinamide-ginger-extract-for-clear-glowing-skin-25-g,5,149,0%,25g,"['niacinamide', 'ginger extract', 'tea tree oil', 'citric acid']","Niacinamide Bamboo Sheet Mask with Niacinamide & Ginger Extract for Clear & Glowing Skin - 25 gSheet masks are a super satisfying, convenient, and fun way to give your skin some TLC at home. Your skin gets an instant boost of suppleness because each sheet mask is packed with nine days of serum hydration. Formulated with the power of Niacinamide and Ginger, the sheet mask will also help your skin tone and texture, and it’s proven to reduce acne marks & scars.Mamaearth sheet masks are extremely gentle and safe for you because they are made from bamboo, unlike other sheet masks that are made of polyester - a first for India. They’re biodegradable, making them good for you and good for the environment! The sheet mask is suitable for all skin types, is free of alcohol & harmful toxins such as Parabens, Mineral Oil, Silicones, etc."
Charcoal Facial Regimen Kit,https://mamaearth.in/product/charcoal-facial-regimen-kit,5,899,25%,null,"['activated charcoal', 'coffee', 'walnut', 'tea tree']","Charcoal Facial Regimen KitAre the day’s toils clogging your skin and making it uncomfortable? Fret not, Mamaearth Charcoal Facial Regimen Kit is nature’s way of bidding goodbye to dull, tired & fatigued skin. The kit is travel-friendly, easy to use, and reliable for fighting acne, blemishes, and even detoxifies your skin. TBH, you can never go wrong with the age-old & natural ingredients like Charcoal, Coffee, Walnut & Clay - all of which are gentle but very effective in skin clearing and rejuvenation while making your skin healthy and glowing. And because of our no toxins and harmful chemicals philosophy, you won’t find any Silicones, Parabens, Mineral Oil & Dyes.And because of our no toxins and harmful chemicals philosophy, you won’t find any Silicones, Parabens, Mineral Oil & Dyes.Charcoal Face Wash - 100gCharcoal Face Scrub - 100mlC3 Face Mask - 100ml"
Charcoal Face Wash & Scrub Combo,https://mamaearth.in/product/charcoal-face-wash-scrub-combo,5,584,2%,null,"['activated charcoal', 'coffee', 'walnut', 'tea tree']","Charcoal Face Wash & Scrub ComboStress, pollution, dirt, and grime can take a toll on your skin’s health. The new Mamaearth Charcoal Face Wash & Scrub Combo is here to hug your skin and pull out all the negativity, lethargy, and dullness only to replace it with joy, cheer, and sunshine! This naturally formulated combo contains Activated Charcoal, Coffee & Walnut to remove toxins, clarify and purify skin back to health. And because of our no toxins and harmful chemicals philosophy, you won’t find any Silicones, Parabens, Mineral Oil & Dyes.And because of our no toxins and harmful chemicals philosophy, you won’t find any Silicones, Parabens, Mineral Oil & Dyes.Charcoal Face Wash - 100gCharcoal Face Scrub - 100ml"
CoCo Face Wash with Coffee & Cocoa for Skin Awakening – Pack of 2,https://mamaearth.in/product/coco-face-wash-with-coffee-cocoa-for-skin-awakening-pack-of-2,5,489,2%,null,"['coffee', 'cocoa']","CoCo Face Wash with Coffee & Cocoa for Skin Awakening – Pack of 2The combination of Cocoa and Coffee not only makes a heartwarming cuppa but also gives a radiant boost when used on the skin.Mamaearth CoCo Face Wash is packed with antioxidant, anti-inflammatory, and anti-aging ingredients. It tightens pores, reverses sun damage, and stimulates blood flow leaving you with even-toned and healthy skin. Coffee increases collagen production to give your skin a youthful appearance. While Cocoa softens and detoxifies the skin to reduce fine lines, wrinkles, and the appearance of scars.And because of our no toxins and harmful chemicals philosophy, you won’t find any Silicones, Parabens, Mineral Oil & Dyes.And because of our no toxins and harmful chemicals philosophy, you won’t find any Silicones, Parabens, Mineral Oil & Dyes."
Onion Shampoo + Onion Hair Serum ,https://mamaearth.in/product/onion-shampoo-onion-hair-serum,5,634,2%,null,"['red onion', 'biotin', 'olive oil', 'd-panthenol']","Onion Shampoo + Onion Hair Serum Beat hair fall with the goodness of Onion. Start your day with Mamaearth Onion Hair Shampoo and follow up with Mamaearth Onion Hair Serum to combat hair fall the natural way. Loaded with natural ingredients like Onion, Biotin, Keratin, and Vitamin E – the combination of Shampoo & Serum works effectively to address hair fall issues that stem due to stress, pollution & unhealthy lifestyle choices. Onion – rich in sulfur makes hair stronger & reduces breakage, while Biotin improves the hair quality to increase thickness. Plant Keratin – a gold standard in hair care replenishes and strengthens hair by repairing its natural structure. An age-old remedy, the combo is the perfect choice for anyone looking to revive their hair, reduce hair fall, breakage & improve overall hair quality. And because of our no toxins and harmful chemicals philosophy, you won’t find any Silicones, Parabens, Mineral Oil & Dyes.An age-old remedy, the combo is the perfect choice for anyone looking to revive their hair, reduce hair fall, breakage & improve overall hair quality. And because of our no toxins and harmful chemicals philosophy, you won’t find any Silicones, Parabens, Mineral Oil & Dyes.Onion Shampoo - 250ml Onion Hair Serum - 100ml"
Hair Fall Reduction Combo,https://mamaearth.in/product/hair-fall-reduction-combo,5,1199,8%,null,"['onion seed oil', 'redensyl', 'keratin', 'vitamin e', 'coconut']","Hair Fall Reduction ComboHair is like a couture fabric in need of unconditional TLC. But, the constant tug, stretch & sweat can take a toll on its health, leading to thinning and breakage. This Hair Fall Reduction Combo is a powerful trio of nourishment, strengthening & conditioning put together to fight hair loss and encourage healthy hair growth.  It contains hardworking & natural ingredients like Onion Seed Oil, Redensyl, Keratin, Vitamin E & Coconut. Redeem your hair goals with this deeply restorative hair care combo & turn heads!And because of our no toxins and harmful chemicals philosophy, you won’t find any Silicones, Parabens, Mineral Oil & Dyes.And because of our no toxins and harmful chemicals philosophy, you won’t find any Silicones, Parabens, Mineral Oil & Dyes.Onion Oil - 250ml Onion Shampoo - 250ml Onion Conditioner - 250ml "
Onion Shampoo & Oil Combo,https://mamaearth.in/product/onion-shampoo-oil-combo,5,924,3%,null,"['onion seed oil', 'redensyl', 'keratin', 'vitamin e']","Onion Shampoo & Oil ComboOne...Two...Three...One Hundred & Fifty! They say it’s natural to lose up to 150 strands of hair a day. However, many natural factors like stress, pollution, sweat, etc. lead to unnatural hair fall, greying, and thinning. This combo comes prepped with the benefits of Onion & Redensyl to unblock hair follicles & boost new hair growth while Plant Keratin replenishes the scalp with proteins, restoring smoothness & shine. So, why wait? Take care of your crowning glory with the help of naturally nourishing, conditioning, and growth restoring ingredients. And because of our no toxins and harmful chemicals philosophy, you won’t find any Silicones, Parabens, Mineral Oil & Dyes.And because of our no toxins and harmful chemicals philosophy, you won’t find any Silicones, Parabens, Mineral Oil & Dyes.Onion Oil - 250ml Onion Shampoo - 250 ml "
Onion Shampoo for Hair Growth & Hair Fall Control (250 ml) - Pack Of 2,https://mamaearth.in/product/onion-shampoo-for-hair-growth-hair-fall-control-250-ml-pack-of-2,5,679,3%,250ml,"['onion seed oil', 'd-panthenol', 'plant keratin', 'vitamin e']","Onion Shampoo for Hair Growth & Hair Fall Control (250 ml) - Pack Of 2Good hair speaks louder than words! Mamaearth Onion Shampoo fights against the damaging effects of stress, pollution, and UV with natural hair boosting ingredients like Onion, Keratin & Vitamin E to help you achieve ultimate hair goals! This shampoo introduces your scalp to a cleaner and healthier status quo, making the next phase of hair growth stronger, longer, thicker & voluminous! The goodness of natural ingredients help control hair fall while boosting hair growth.And because of our no toxins and harmful chemicals philosophy, you won’t find any Silicones, Parabens, Mineral Oil & Dyes.And because of our no toxins and harmful chemicals philosophy, you won’t find any Silicones, Parabens, Mineral Oil & Dyes."
"No More Tangles Conditioner for fizz free hair, 200ml",https://mamaearth.in/product/buy-hair-conditioner-online,4.9,349,0%,200ml,"['cocoa butter', 'shea butter', 'amla extract', 'fenugreek extract']","No More Tangles Conditioner for fizz free hair, 200mlFrizz & "
Spotless Skin Combo: Ubtan Facewash - 100ml + Bye Bye Blemishes Face Cream - 30ml,https://mamaearth.in/product/spotless-skin-combo,5,679,3%,100ml,"['walnut beads', 'liquorice extract', 'carrot seed oil', 'mulberry extract', 'daisy flower', 'geranium oil']",Spotless Skin Combo: Ubtan Facewash - 100ml + Bye Bye Blemishes Face Cream - 30ml
Anti-Acne Kit,https://mamaearth.in/product/anti-acne-kit,4.9,849,26%,null,"['apple cider vinegar', 'niacinamide', 'neem', 'glycerin']",Anti-Acne Kit
Onion Scalp Serum with Onion & Niacinamide for Healthy Hair Growth – 50ml,https://mamaearth.in/product/onion-scalp-serum-with-onion-niacinamide-for-healthy-hair-growth-50ml,5,599,0%,50ml,"['red onion', 'niacinamide', 'pea sprouts', 'aloe vera juice']",Onion Scalp Serum with Onion & Niacinamide for Healthy Hair Growth – 50ml
Vitamin C Body Lotion with Vitamin C & Honey for Radiant Skin – 400 ml  ,https://mamaearth.in/product/vitamin-c-body-lotion-with-vitamin-c-honey-for-radiant-skin-400-ml,4.9,399,0%,400ml,"['vitamin c', 'honey', 'shea butter', 'olive oil']","Vitamin C Body Lotion with Vitamin C & Honey for Radiant Skin – 400 ml  It’s time to give your skin the comfort and love it deserves with the goodness of Vitamin C, Honey, Shea Butter & Olive Oil. Say hello to radiant skin with Vitamin C and bid adieu to dull and uneven skin tone.Mamaearth Vitamin C Body Lotion deeply nourishes and soothes, and boosts collagen to give you radiant looking skin. Vitamin C also protects the skin against free radical damage and evens out skin tone. The fresh and non-greasy formula captures will give your skin the long-lasting hydration it needs. Suitable for all skin types, Mamaearth Vitamin C Body Lotion has no harmful chemicals and is free of Parabens, toxins, and mineral oils."
Ubtan Body Lotion with Turmeric & Kokum Butter for Glowing Skin – 400 ml,https://mamaearth.in/product/ubtan-body-lotion-with-turmeric-kokum-butter-for-glowing-skin-400-ml,5,399,0%,400ml,"['turmeric', 'kokum butter', 'shea butter', 'olive oil']","Ubtan Body Lotion with Turmeric & Kokum Butter for Glowing Skin – 400 mlWhat is love? Soft, supple, hydrated, and glowing skin. Relax and give your body the nourishing and moisturizing benefits of Turmeric, Kokum Butter, Shea Butter & Olive Oil.Mamaearth Ubtan Body Lotion replenishes your skin while reviving its natural glow. The rich body lotion, accompanied by an earthy aroma, sinks deep into the skin’s layers and keeps it hydrated for a long time. With this body lotion by your side, you can tell dryness to stay away. Suitable for normal skin, Mamaearth Ubtan Body Lotion has no harmful chemicals and is free of Parabens, toxins, and mineral oils."
CoCo Body Lotion With Coffee and Cocoa for Intense Moisturization - 400ml ,https://mamaearth.in/product/coco-body-lotion-with-coffee-and-cocoa-for-intense-moisturization-400ml,4.9,399,0%,400ml,"['coffee', 'cocoa butter', 'shea butter', 'olive oil']","CoCo Body Lotion With Coffee and Cocoa for Intense Moisturization - 400ml Wake up and smell the coffee - literally! If your skin is parched and needs that extra boost of intense moisturization, CoCo Body Lotion is what you need. Enriched with the natural goodness of Coffee and Cocoa, the body lotion is as indulgent as it is nourishing. And it smells absolutely delicious. This is, quite literally, food for your skin.  Coffee adds richness while Cocoa Butter, Shea Butter, and Olive Oil provide nourishment and moisture. At the same time, the lotion is extremely lightweight, absorbs quickly and doesn’t feel greasy. Make dry, dehydrated, and flaky skin a thing of the past. Our CoCo Body Lotion is excellent for dry skin and is free of Parabens, Silicones, Sulfates, Phthalates, and Artificial Colors."
Rose Body Lotion with Rose Water and Milk For Deep Hydration - 400ml,https://mamaearth.in/product/rose-body-lotion-with-rose-water-and-milk-for-deep-hydration-400ml,5,399,0%,400ml,"['rose water', 'milk', 'shea butter', 'olive oil']","Rose Body Lotion with Rose Water and Milk For Deep Hydration - 400mlScore a perfect ten when it comes to hydrated skin with your newest #skincrush - Rose Body Lotion. A delicious smelling, super light but hydrating body lotion, it’s a sensorial treat for your skin. The Rose Body Lotion is crafted with the fresh goodness of Rose Water and Milk. Rose Water, packed with antioxidants, soothes the skin while Milk locks in the moisture that Shea Butter and Olive Oil provide. It will make your skin soft, supple and hydrated. With this body lotion, make dryness a thing of the past and flaunt moisturized skin that gleams.Mamaearth Rose Body Lotion is suitable for oily skin & free of alcohol & harmful toxins such as Parabens, Mineral Oil, Silicones, etc"
Vitamin C Foaming Face Wash with Vitamin C & Turmeric for Skin Illumination – 150ml,https://mamaearth.in/product/vitamin-c-foaming-face-wash-with-vitamin-c-turmeric-for-skin-illumination-150ml,4.9,399,0%,150ml,"['vitamin c', 'turmeric', 'cucumber', 'aloe vera']","Vitamin C Foaming Face Wash with Vitamin C & Turmeric for Skin Illumination – 150mlGentle clouds of frothy foams infused with the goodness of Vitamin C and Turmeric - that’s Mamaearth Vitamin C Foaming Face Wash for you.Fresh and effective, Mamaearth Vitamin C Foaming Face Wash is loaded with antioxidants as well as brightening and acne preventing properties. Plus, it comes with a super-efficient built-in brush that massages while cleansing. With dollops of cooling benefits thanks to Cucumber and Aloe Vera, this foaming face wash is like a shot of freshness. Use it in the morning to prepare your skin or wash off the toils of the day at night, this is the breath of freshness your skin needs. It comes with a brush applicator that makes application easy, effective and helps Vitamin C and Turmeric to penetrate deep within the skin.Dermatologically tested, this Vitamin C Foaming Face Wash has no harmful chemicals and is free of Toxins, Parabens, and Mineral Oils."
Rose Face Toner with Witch Hazel & Rose Water for Pore Tightening - 200ml,https://mamaearth.in/product/rose-face-toner-with-witch-hazel-rose-water-for-pore-tightening-200ml,4.9,399,0%,200ml,"['rose water', 'cucumber', 'aloe vera', 'witch hazel']",Rose Face Toner with Witch Hazel & Rose Water for Pore Tightening - 200ml
Ubtan Hand Cream with Turmeric and Honey for Deep Moisturization – 50g,https://mamaearth.in/product/ubtan-hand-cream-with-turmeric-and-honey-for-deep-moisturization-50g,5,349,0%,50g,"['turmeric', 'honey', 'shea butter', 'glycerin']",Ubtan Hand Cream with Turmeric and Honey for Deep Moisturization – 50g
Vitamin C Hand Cream with Vitamin C and Shea Butter for Intense Moisturization,https://mamaearth.in/product/vitamin-c-hand-cream-with-vitamin-c-and-shea-butter-for-intense-moisturization,5,349,0%,null,"['vitamin c', 'shea butter', 'glycerin']",Vitamin C Hand Cream with Vitamin C and Shea Butter for Intense Moisturization
CoCo Hand Cream with Coffee & Cocoa for Rich Moisturization – 50g,https://mamaearth.in/product/coco-hand-cream-with-coffee-cocoa-for-rich-moisturization-50g,5,349,0%,50g,"['cocoa', 'coffee', 'shea butter', 'glycerin']",CoCo Hand Cream with Coffee & Cocoa for Rich Moisturization – 50g
Micellar Water Foaming Makeup Remover with Rose Water & Glycolic Acid for Makeup Cleansing – 150 ml,https://mamaearth.in/product/micellar-water-foaming-makeup-remover-with-rose-water-glycolic-acid-for-makeup-cleansing-150-ml,5,399,0%,150ml,"['rose water', 'glycolic acid', 'glycerin']",Micellar Water Foaming Makeup Remover with Rose Water & Glycolic Acid for Makeup Cleansing – 150 ml
Vitamin C Face Milk with Vitamin C and Peach for Skin Illumination – 100 ml,https://mamaearth.in/product/vitamin-c-face-milk-with-vitamin-c-and-peach-for-skin-illumination-100-ml,5,449,0%,100ml,"['vitamin c', 'peach', 'niacinamide', 'portulaca oleracea']",Vitamin C Face Milk with Vitamin C and Peach for Skin Illumination – 100 ml
Argan Shampoo & Conditioner Combo,https://mamaearth.in/product/argan-shampoo-argan-conditioner,5,679,3%,null,"['argan oil', 'apple cider vinegar', 'vitamin e']",Argan Shampoo & Conditioner Combo
Argan Hair Mask & Argan Shampoo,https://mamaearth.in/product/argan-hair-mask-argan-shampoo,5,924,3%,null,"['argan oil', 'apple cider vinegar', 'avocado oil']",Argan Hair Mask & Argan Shampoo
Tan Removal Combo,https://mamaearth.in/product/ubtan-face-scrub-ubtan-face-wash,5,589,2%,null,"['turmeric', 'walnut', 'carrot oil', 'sa?ron']",Tan Removal Combo
BhringAmla Shampoo & Conditioner Combo,https://mamaearth.in/product/bhringamla-shampoo-and-conditioner-combo,5,679,3%,null,"['bhringraj', 'amla', 'shikakai', 'sweet almond oil']",BhringAmla Shampoo & Conditioner Combo
Ubtan Body Scrub with Turmeric & Saffron for Tan Removal – 200 g,https://mamaearth.in/product/ubtan-body-scrub-with-turmeric-saffron-for-tan-removal-200-g,5,499,0%,200g,"['turmeric', 'sa?ron', 'walnut']",Ubtan Body Scrub with Turmeric & Saffron for Tan Removal – 200 g
Neem Body Scrub with Neem & Tulsi for Skin Purification – 200 g,https://mamaearth.in/product/neem-body-scrub-with-neem-tulsi-for-skin-purification-200-g,5,499,0%,200g,"['neem', 'tulsi', 'walnut']",Neem Body Scrub with Neem & Tulsi for Skin Purification – 200 g
Hand Sanitizer with Lime & Neem for Killing Germs – 250 ml,https://mamaearth.in/product/hand-sanitizer-with-lime-neem-for-killing-germs-250-ml,5,299,0%,250ml,"['neem', 'glycerin', 'lime']",Hand Sanitizer with Lime & Neem for Killing Germs – 250 ml
Vitamin C Night  Regimen Combo,https://mamaearth.in/product/vitamin-c-night-regimen-combo,5,1749,5%,null,"['vitamin c', 'turmeric', 'aloe vera', 'squalane']",Vitamin C Night  Regimen Combo
Vitamin C Day Regimen Combo,https://mamaearth.in/product/vitamin-c-day-regimen-combo,5,1549,11%,null,"['vitamin c', 'turmeric', 'aloe vera', 'cucumber']",Vitamin C Day Regimen Combo
BhringAmla Conditioner with Bhringraj & Amla for Intense Hair Treatment – 250ml,https://mamaearth.in/product/bhringamla-conditioner-with-bhringraj-amla-for-intense-hair-treatment-250ml,4.9,349,0%,250ml,"['bhringraj', 'amla', 'sweet almond oil']",BhringAmla Conditioner with Bhringraj & Amla for Intense Hair Treatment – 250ml
BhringAmla Shampoo with Bhringraj & Amla for Intense Hair Treatment – 250 ml,https://mamaearth.in/product/bhringamla-shampoo-with-bhringraj-amla-for-intense-hair-treatment-250-ml,5,349,0%,250ml,"['bhringraj', 'amla', 'shikakai', 'brahmi']",BhringAmla Shampoo with Bhringraj & Amla for Intense Hair Treatment – 250 ml
BhringAmla Hair Oil with Bhringraj & Amla for Intense Hair Treatment – 250ml,https://mamaearth.in/product/bhringamla-hair-oil-with-bhringraj-amla-for-intense-hair-treatment-250ml,4.9,499,0%,250ml,"['bhringraj', 'amla', 'brahmi', 'baheda']",BhringAmla Hair Oil with Bhringraj & Amla for Intense Hair Treatment – 250ml
Tan Removal Regimen,https://mamaearth.in/product/tan-removal-regimen,4.9,799,27%,null,"['turmeric', 'walnut beads', 'sa?ron', 'carrot oil']","Tan Removal RegimenDon’t let the harsh sun make your skin look dull and dry. Fall in love with your skin all over again with the traditional goodness of Ubtan. Make Mamaearth Tan Removal Regimen a part of your everyday skin routine and make your skin glow throughout summer and beyond. Ubtan Face Wash and Scrub ensure that dirt, impurity, and tan is nowhere on your skin. Meanwhile, the face mask ensures that your skin glows and remains nourished.Infused with the goodness of nature, all the products in this kit are dermatologically tested. These products do not contain any harmful chemicals like Parabens, SLES, sulfates, silicones, phthalates, and artificial fragrances.Ubtan Face Wash - 100mlUbtan Face Scrub - 100gUbtan Face Mask - 100ml"
HydraGel Indian Sunscreen with Aloe Vera & Raspberry for Sun Protection - 50 g,https://mamaearth.in/product/hydragel-indian-sunscreen-with-aloe-vera-raspberry-for-sun-protection-50-g,5,399,0%,50g,"['aloe vera', 'raspberry', 'glycerin']",HydraGel Indian Sunscreen with Aloe Vera & Raspberry for Sun Protection - 50 g
Vitamin C Face Wash with Vitamin C and Turmeric for Skin Illumination – 100ml,https://mamaearth.in/product/vitamin-c-face-wash-with-vitamin-c-and-turmeric-for-skin-illumination-100ml,5,249,0%,100ml,"['vitamin c', 'turmeric', 'aloe vera']",Vitamin C Face Wash with Vitamin C and Turmeric for Skin Illumination – 100ml
Vitamin C Face Cream with Vitamin C & SPF 20 for Skin Illumination – 50g,https://mamaearth.in/product/vitamin-c-face-cream-with-vitamin-c-spf-20-for-skin-illumination-50g,5,599,0%,50g,"['vitamin c', 'niacinamide', 'common purslane']",Vitamin C Face Cream with Vitamin C & SPF 20 for Skin Illumination – 50g
Vitamin C Face Mask With Vitamin C & Kaolin Clay for Skin Illumination - 100 g,https://mamaearth.in/product/vitamin-c-face-mask-with-vitamin-c-kaolin-clay-for-skin-illumination-100-g,5,499,0%,100g,"['vitamin c', 'kaolin clay', 'glycerin', 'turmeric']","Vitamin C Face Mask With Vitamin C & Kaolin Clay for Skin Illumination - 100 gWe all dream of bright and spotless skin. But the hustle of daily life often takes a toll on our skin’s health. Dirt, pollution, UV rays, and extreme weather conditions damage the skin while stealing its natural glow.Mamaearth Vitamin C Face Mask will help bring back that radiance! Power-packed with the goodness of Vitamin C and Kaolin Clay, it will make your skin bright, healthy, and spotless.The product is dermatologically tested and is suitable for all skin types. It contains no Parabens, harmful chemicals, toxins, or mineral oils and is 100% safe to add to your skincare regimen."
CoCo Face Wash with Coffee & Cocoa for Skin Awakening – 100ml,https://mamaearth.in/product/coco-face-wash-with-coffee-and-cocoa-for-skin-awakening-100ml,5,249,0%,100ml,"['coffee', 'cocoa']",CoCo Face Wash with Coffee & Cocoa for Skin Awakening – 100ml
CoCo Face Scrub with Coffee & Cocoa for Rich Exfoliation - 100g,https://mamaearth.in/product/coco-face-scrub-with-coffee-cocoa-for-rich-exfoliation-100g,4.9,349,0%,100g,"['coffee', 'cocoa', 'shea butter']",CoCo Face Scrub with Coffee & Cocoa for Rich Exfoliation - 100g
CoCo Face Mask with Coffee & Cocoa for Skin Awakening – 100g,https://mamaearth.in/product/coco-face-mask-with-coffee-cocoa-for-skin-awakening-100g,4.9,499,0%,100g,"['coffee', 'cocoa', 'glycerin']",CoCo Face Mask with Coffee & Cocoa for Skin Awakening – 100g
Vitamin C Sleeping Mask with Aloe Vera for Skin Illumination - 100 g,https://mamaearth.in/product/vitamin-c-sleeping-mask-with-aloe-vera-for-skin-illumination-100-g,5,599,0%,100g,"['vitamin c', 'aloe vera']",Vitamin C Sleeping Mask with Aloe Vera for Skin Illumination - 100 g
Ubtan Yogurt with Turmeric and Saffron for Deep Moisturization – 200 ml,https://mamaearth.in/product/ubtan-yogurt-with-turmeric-and-saffron-for-deep-moisturization-200ml,5,499,0%,200ml,"['turmeric', 'saffron', 'glycerin']",Ubtan Yogurt with Turmeric and Saffron for Deep Moisturization – 200 ml
"Niacin Toner For Face, with Niacinamide & With Hazel for Acne and Open Pores - 200 ml",https://mamaearth.in/product/niacin-toner-for-face-with-niacinamide-with-hazel-for-acne-and-open-pores-200-ml,5,399,0%,200ml,"['niacinamide', 'witch hazel', 'aloe vera', 'citric acid']","Niacin Toner For Face, with Niacinamide & With Hazel for Acne and Open Pores - 200 mlIt’s time to bid farewell to open pores, acne marks, & damaged skin. Mamaearth Niacin Face Toner is formulated with the power of Niacinamide and the goodness of Witch Hazel to give you clear and healthy skin. Stop free radical damage and tighten enlarged pores with this clarifying and hydrating toner.Mamaearth Niacin Face Toner tightens the pores without over-drying your skin. Its antioxidant properties will reduce blemishes and other dark spots to give you a more even-toned complexion.This toner is dermatologically tested to improve the overall skin texture by reducing acne marks and enlarged pores. It can be used by all skin types and is free of harsh chemicals, SLS, Parabens, and Mineral Oils."
Argan Conditioner with Argan & Apple Cider Vinegar for Frizz-Free and Stronger Hair - 250ml,https://mamaearth.in/product/argan-conditioner-with-argan-apple-cider-vinegar-for-frizz-free-and-stronger-hair,5,349,0%,250ml,"['argan oil', 'apple cider vinegar', 'almond oil']",Argan Conditioner with Argan & Apple Cider Vinegar for Frizz-Free and Stronger Hair - 250ml
Argan Shampoo with Argan & Apple Cider Vinegar for Frizz-free & Stronger Hair - 250 ml,https://mamaearth.in/product/argan-shampoo-with-argan-apple-cider-vinegar-for-frizz-free-stronger-hair,4.8,349,0%,250ml,"['argan oil', 'apple cider vinegar', 'vitamin e']",Argan Shampoo with Argan & Apple Cider Vinegar for Frizz-free & Stronger Hair - 250 ml
Onion Shampoo 400ml + Onion Conditioner 250ml,https://mamaearth.in/product/onion-shampoo-400ml-onion-conditioner-250ml,5,884,3%,400ml,"['onion seed oil', 'd-panthenol', 'keratin', 'vitamin e']",Onion Shampoo 400ml + Onion Conditioner 250ml
Onion Hair Oil + Onion Hair Mask,https://mamaearth.in/product/onion-hair-oil-onion-hair-mask,5,998,0%,null,"['onion oil', 'organic bamboo vinegar', 'coconut oil', 'rosemary oil']",Onion Hair Oil + Onion Hair Mask
Onion Hair Serum + Onion Hair Oil,https://mamaearth.in/product/onion-hair-serum-onion-hair-oil,5,679,3%,null,"['onion seed extract', 'biotin', 'olive oil', 'd-panthenol']",Onion Hair Serum + Onion Hair Oil
Onion Hair Serum + Onion Hair Mask,https://mamaearth.in/product/onion-hair-serum-onion-hair-mask,5,874,3%,null,"['onion seed extract', 'biotin', 'olive oil', 'd-panthenol']",Onion Hair Serum + Onion Hair Mask
Ubtan Face Wash + Skin Illuminate Face Serum,https://mamaearth.in/product/ubtan-face-wash-skin-illuminate-face-serum,5,824,3%,null,"['turmeric', 'walnut beads', 'licorice extract', 'carrot oil']",Ubtan Face Wash + Skin Illuminate Face Serum
Skin Illuminate Face Serum + Bye Bye Blemishes 30g,https://mamaearth.in/product/skin-illuminate-face-serum-bye-bye-blemishes-30g,5,999,5%,30g,"['vitamin c', 'nymphaea alba flower extract', 'turmeric', 'squalane']",Skin Illuminate Face Serum + Bye Bye Blemishes 30g
Skin Illuminate Face Serum + Bye Bye Dark Circles,https://mamaearth.in/product/skin-illuminate-face-serum-bye-bye-dark-circles,5,969,3%,null,"['vitamin c', 'nymphaea alba flower extract', 'turmeric', 'squalane']",Skin Illuminate Face Serum + Bye Bye Dark Circles
Bye Bye Blemishes 30g + Bye Bye Dark Circles,https://mamaearth.in/product/bye-bye-blemishes-30g-bye-bye-dark-circles,5,824,3%,30g,"['vitamin c', 'daisy flower extract', 'licorice extract', 'mulberry extract']",Bye Bye Blemishes 30g + Bye Bye Dark Circles
"Stretch Marks Cream, 100ml",https://mamaearth.in/product/stretch-marks-removal-cream,4.6,500,0%,100ml,"['milk protein', 'shea butter', 'peptides']","Stretch Marks Cream, 100ml"
Tea Tree Face Wash + Bye Bye Blemishes 30ml,https://mamaearth.in/product/tea-tree-face-wash-bye-bye-blemishes-30ml,5,679,2%,30ml,"['neem', 'aloe vera', 'tea tree oil']",Tea Tree Face Wash + Bye Bye Blemishes 30ml
"Onion Hair Oil for Hair Regrowth & Hair Fall Control, 250ml",https://mamaearth.in/product/onion-hair-oil-for-hair-regrowth-hair-fall-control-with-redensyl-250ml,5,599,0%,250ml,"['onion seed oil', 'redensyl', 'almond oil', 'bhringraj oil']","Onion Hair Oil for Hair Regrowth & Hair Fall Control, 250ml"
"Charcoal Face Scrub For Oily Skin & Normal skin, with Charcoal & Walnut for Deep Exfoliation – 100g",https://mamaearth.in/product/charcoal-face-scrub-for-oily-skin-normal-skin-with-charcoal-walnut-for-deep-exfoliation-100g,4.8,349,0%,100g,"['activated charcoal', 'walnut', 'tea tree']","Charcoal Face Scrub For Oily Skin & Normal skin, with Charcoal & Walnut for Deep Exfoliation – 100g"
Ubtan Face Scrub with Turmeric & Walnut for Tan Removal - 100g,https://mamaearth.in/product/ubtan-scrub-for-face-with-turmeric-walnut-for-tan-removal-100g,4.9,349,0%,100g,"['turmeric', 'walnut', 'coconut oil', 'sa?ron']",Ubtan Face Scrub with Turmeric & Walnut for Tan Removal - 100g
"Vitamin C Face Toner with Vitamin C & Cucumber for Pore Tightening, 200 ml",https://mamaearth.in/product/vitamin-c-face-toner-with-vitamin-c-cucumber-for-pore-tightening-200-ml,4.8,399,0%,200ml,"['vitamin c', 'cucumber', 'aloe vera extract', 'witch hazel']","Vitamin C Face Toner with Vitamin C & Cucumber for Pore Tightening, 200 mlThe second step in a skincare routine, toning helps clean leftover impurities and excess oil from the face. Regular application of toner helps tighten and cleanse pores from within while protecting the skin from acne and breakouts. Mamaearth Vitamin C toner has a unique alcohol-free formula and comes loaded with the goodness of Aloe Vera, Cucumber, Witch Hazel, and many other hardworking ingredients. Vitamin C in this toner supports the production of healthy collagen that brightens the complexion and boosts skin’s firmness. Witch Hazel reduces inflammation, tightens skin pores, and soothes acne-prone sensitive skin. The alcohol-free formula of this toner helps balance the pH level of your skin. Cucumber, a trusted skincare ingredient, offers hydration, reduces inflammation, and calms irritated skin. Mamaearth Vitamin C Face Toner is suitable for all skin types & free of alcohol & harmful toxins such as Parabens, Mineral Oil, Silicones, etc."
Aloe Vera Gel with Pure Aloe Vera & Vitamin E for Skin and Hair - 300ml,https://mamaearth.in/product/aloe-vera-gel-for-face-with-pure-aloe-vera-vitamin-e-for-skin-and-hair-300ml,5,399,0%,300ml,"['aloe vera', 'vitamin e', 'glycerin']",Aloe Vera Gel with Pure Aloe Vera & Vitamin E for Skin and Hair - 300ml
"Onion Hair Serum with Onion & Biotin for Strong, Frizz-Free Hair – 100 ml",https://mamaearth.in/product/onion-hair-serum-with-onion-biotin-for-strong-frizz-free-hair-100-ml,4.9,299,0%,100ml,"['onion seed extract', 'biotin', 'olive oil', 'd-panthenol']","Onion Hair Serum with Onion & Biotin for Strong, Frizz-Free Hair – 100 ml"
 Skin Correct Face Serum with Niacinamide and Ginger Extract for Acne Marks & Scars – 30 ml,https://mamaearth.in/product/skin-correct-face-serum-with-niacinamide-and-ginger-extract-for-acne-marks-scars-30-ml,5,599,0%,30ml,"['niacinamide', 'ginger extract', 'zinc pca', 'glycerin']", Skin Correct Face Serum with Niacinamide and Ginger Extract for Acne Marks & Scars – 30 ml
Tea Tree Face Wash + Charcoal Face Wash,https://mamaearth.in/product/tea-tree-face-wash-charcoal-face-wash,5,489,2%,null,"['neem', 'aloe vera', 'tea tree oil']",Tea Tree Face Wash + Charcoal Face Wash
 Ubtan Face Wash + Tea Tree Face Wash ,https://mamaearth.in/product/ubtan-face-wash-tea-tree-face-wash-pack-of-2,5,489,2%,null,"['neem', 'tea tree', 'saffron', 'turmeric']", Ubtan Face Wash + Tea Tree Face Wash 
" Ubtan Facewash for tan removal, Pack Of 2 ",https://mamaearth.in/product/ubtan-facewash-for-tan-removal-pack-of-2,5,489,2%,null,"['turmeric', 'walnut beads', 'licorice extract', 'carrot oil']"," Ubtan Facewash for tan removal, Pack Of 2 "
"Tea Tree Facewash for acne and pimples, Pack Of 2 ",https://mamaearth.in/product/tea-tree-facewash-for-acne-and-pimples-pack-of-2,5,489,2%,null,"['neem', 'aloe vera', 'tea tree oil']","Tea Tree Facewash for acne and pimples, Pack Of 2 "
"Charcoal Facewash for oil control, Pack Of 2 ",https://mamaearth.in/product/charcoal-facewash-for-oil-control-pack-of-2,4.9,489,2%,null,"['charcoal', 'clay', 'coffee', 'tea tree oil']","Charcoal Facewash for oil control, Pack Of 2 "
Skin Illuminate Face Serum for Radiant Skin with Vitamin C & Turmeric – 30 gm,https://mamaearth.in/product/skin-illuminate-face-serum-for-radiant-skin-with-vitamin-c-turmeric-30-gm,4.9,599,0%,null,"['vitamin c', 'nymphaea alba flower extract', 'turmeric', 'squalane']","Skin Illuminate Face Serum for Radiant Skin with Vitamin C & Turmeric – 30 gmMamaearth Skin Illuminate Face Serum is free of harmful toxins such as Parabens, Mineral Oil, Silicones, etc."
Bye Bye Dark Circles Eye Cream with Cucumber & Peptides for Dark Circles – 20ml,https://mamaearth.in/product/bye-bye-dark-circles-eye-cream-with-cucumber-peptides-for-dark-circles-20ml,5,399,0%,20ml,"['cucumber extract', 'daisy flower extract', 'peptides', 'hawkweed extract']",Bye Bye Dark Circles Eye Cream with Cucumber & Peptides for Dark Circles – 20ml
Mamaearth Epsom Bath Salt for Relaxation and Pain Relief - 200 gm,https://mamaearth.in/product/buy-epsom-salt-online,5,399,0%,null,"['magnesium', 'detoxifying sulphates', 'lavender oil']",Mamaearth Epsom Bath Salt for Relaxation and Pain Relief - 200 gm
"Onion Hair Mask, For Hair Fall Control, With Onion Oil and Organic Bamboo Vinegar, 200ml",https://mamaearth.in/product/onion-hair-mask-for-hair-fall-control-with-onion-oil-organic-bamboo-vinegar-200ml,5,599,0%,200ml,"['onion oil', 'organic bamboo vinegar', 'coconut oil', 'rosemary oil']","Onion Hair Mask, For Hair Fall Control, With Onion Oil and Organic Bamboo Vinegar, 200ml"
"Onion Hair Oil for Hair Regrowth and Hair Fall Control with Redensyl, 150ml",https://mamaearth.in/product/onion-hair-oil-for-hair-regrowth-hair-fall-control-with-redensyl-150ml,4.9,399,0%,150ml,"['onion seed oil', 'redensyl', 'almond oil', 'bhringraj oil', 'amla oil', 'castor oil']","Onion Hair Oil for Hair Regrowth and Hair Fall Control with Redensyl, 150ml"
Onion Shampoo for Hair Growth and Hair Fall Control with Onion Oil and Plant Keratin 250 ml,https://mamaearth.in/product/mamaearth-onion-shampoo-for-hair-growth-hair-fall-control-with-onion-oil-plant-keratin-250-ml,4.8,349,0%,250ml,"['onion seed oil', 'd-panthenol', 'keratin', 'vitamin e']",Onion Shampoo for Hair Growth and Hair Fall Control with Onion Oil and Plant Keratin 250 ml
"Onion Conditioner for Hair Growth and Hair Fall Control with Onion and Coconut, 250ml",https://mamaearth.in/product/mamaearth-onion-conditioner-for-hair-growth-hair-fall-control-with-onion-coconut-250ml,4.8,349,0%,250ml,"['onion seed oil', 'coconut', 'almond oil', 'coconut triglycerides']","Onion Conditioner for Hair Growth and Hair Fall Control with Onion and Coconut, 250ml"
"Neem Face Mask with Neem and Tea Tree for Pimples and Zits, 100 ml",https://mamaearth.in/product/neem-face-mask-with-neem-tea-tree-for-pimples-zits-100-ml,5,499,0%,100ml,"['neem oil', 'tea tree oil', 'apricot oil', 'mulberry extract']","Neem Face Mask with Neem and Tea Tree for Pimples and Zits, 100 ml"
Wedding Glow Skincare Kit,https://mamaearth.in/product/wedding-glow-skincare-kit,4.8,899,33%,null,"['saffron', 'turmeric', 'apricot oil', 'cucumber extract']",Wedding Glow Skincare Kit
"Ubtan Body Butter, For Dry Skin, With Turmeric & Honey, For Deep Nourishment – 200g",https://mamaearth.in/product/mamaearth-ubtan-body-butter-for-dry-skin-with-turmeric-honey-for-deep-nourishment-200g,4.9,599,0%,200g,"['turmeric', 'honey', 'shea butter', 'sunflower seed oil']","Ubtan Body Butter, For Dry Skin, With Turmeric & Honey, For Deep Nourishment – 200g"
"CoCo Body Butter for Dry Skin, with Coffee & Cocoa for Deep Moisturization- 200g",https://mamaearth.in/product/mamaearth-coco-body-butter-for-dry-skin-with-coffee-cocoa-for-deep-moisturization-200g,5,599,0%,200g,"['theobroma cocoa seed butter', 'coffee extract', 'shea butter', 'sunflower seed oil']","CoCo Body Butter for Dry Skin, with Coffee & Cocoa for Deep Moisturization- 200g"
"Nipple Butter Cream for sore & cracked nipples, 50ml",https://mamaearth.in/product/natural-nip-care-cream,4.8,500,0%,50ml,"['coconut oil', 'shea butter', 'calendula extract']","Nipple Butter Cream for sore & cracked nipples, 50ml"
"Skin Plump Serum For Face Glow, with Hyaluronic Acid & Rosehip Oil for Ageless Skin - 30ml",https://mamaearth.in/product/skin-plump-serum-for-face-glow-with-hyaluronic-acid-rosehip-oil-for-ageless-skin-30ml,4.8,599,0%,30ml,"['hyaluronic acid', 'rosehip oil', 'olive extract', 'coconut extract']","Skin Plump Serum For Face Glow, with Hyaluronic Acid & Rosehip Oil for Ageless Skin - 30ml"
"Onion Conditioner for Hair Growth and Hair Fall Control with Onion and Coconut, 400ml",https://mamaearth.in/product/onion-conditioner-for-hair-growth-and-hair-fall-control-with-onion-and-coconut-400ml,5,559,0%,400ml,"['onion seed oil', 'coconut', 'almond oil', 'coconut triglycerides']","Onion Conditioner for Hair Growth and Hair Fall Control with Onion and Coconut, 400ml"
Onion Shampoo for Hair Growth and Hair Fall Control with Onion Oil and Plant Keratin 400ml,https://mamaearth.in/product/onion-shampoo-for-hair-growth-and-hair-fall-control-with-onion-oil-and-plant-keratin-400ml,4.9,559,0%,400ml,"['onion seed oil', 'd-panthenol', 'keratin', 'vitamin e']",Onion Shampoo for Hair Growth and Hair Fall Control with Onion Oil and Plant Keratin 400ml
Hair Fall Control Regime Combo: Onion Shampoo 250ml + Onion Hair Mask 200ml,https://mamaearth.in/product/onion-mask-shampoo-combo,5,924,3%,250ml,"['onion oil', 'organic bamboo vinegar', 'coconut oil', 'keratin']",Hair Fall Control Regime Combo: Onion Shampoo 250ml + Onion Hair Mask 200ml
Mamaearth Under Eye Crème with Cucumber & Caffeine for Dark Circles - 50ml,https://mamaearth.in/product/eye-dark-circle-removal,4.9,599,0%,50ml,"['cucumber extract', 'white lily extract', 'coffee extract']",Mamaearth Under Eye Crème with Cucumber & Caffeine for Dark Circles - 50ml
Tea Tree Conditioner with Tea Tree & Ginger Oil for Dandruff Free Hair 250ml,https://mamaearth.in/product/mamaearth-tea-tree-conditioner-with-tea-tree-ginger-oil-for-dandruff-free-hair-250ml,5,349,0%,250ml,"['tea tree oil', 'ginger oil', 'almond oil']","Tea Tree Conditioner with Tea Tree & Ginger Oil for Dandruff Free Hair 250mlStimulate and renew your hair with an outlandish mix of Tea Tree and Ginger Oil that helps in reducing itch & irritation while contributing to the shine and smoothness of the hair and soothing dryness and itchiness. Mamaearth Tea Tree Conditioner is made using natural ingredients and makes sure that dandruff and excess oil are gently worked on & removed.Coconut oil present in the conditioner works like magic on dry and brittle scalp, making hair soft and smooth. Almond Oil nourishes and moisturizes hair while adding shine. Ginger Oil contributes to the health of the hair and soothes dryness. Safe for colored & chemically treated hair, this conditioner is free of harmful chemicals & toxins such as Silicones, Parabens, Mineral Oil, & Dyes."
Hair Fall Control Kit,https://mamaearth.in/product/hairfall-control-kit,4.9,949,32%,null,"['onion seed oil', 'redensyl', 'almond oil', 'bhringraj oil', 'amla oil', 'castor oil']",Hair Fall Control Kit
Bye Bye Blemishes Face Cream for Reducing Pigmentation & Blemishes with Mulberry Extract & Vitamin C – 30ml,https://mamaearth.in/product/bye-bye-blemishes-face-cream-for-pigmentation-blemish-removal-with-mulberry-extract-vitamin-c-30ml,4.9,449,0%,30ml,"['vitamin c', 'daisy flower extract', 'licorice extract', 'mulberry extract']",Bye Bye Blemishes Face Cream for Reducing Pigmentation & Blemishes with Mulberry Extract & Vitamin C – 30ml
" Castor Oil for Healthier Skin, Hair and Nails with 100% Pure and Natural Cold-Pressed Oil, 150ml",https://mamaearth.in/product/100-pure-natural-cold-pressed-castor-oil-for-healthier-skin-hair-nails-150ml,5,299,0%,150ml,['castor oil']," Castor Oil for Healthier Skin, Hair and Nails with 100% Pure and Natural Cold-Pressed Oil, 150ml"
"Hair Regrowth Combo : Onion Shampoo, 250ml + Onion Conditioner, 250ml",https://mamaearth.in/product/hair-regrowth-combo-onion-shampoo-onion-conditioner,4.9,679,3%,250ml,"['onion seed oil', 'd-panthenol', 'keratin', 'vitamin e']","Hair Regrowth Combo : Onion Shampoo, 250ml + Onion Conditioner, 250ml"
Revitalizing Turmeric Kits,https://mamaearth.in/product/revitalizing-turmeric-kit,5,1199,33%,null,"['aloe vera', 'turmeric', 'saffron', 'apricot oil']",Revitalizing Turmeric Kits
Aloe Turmeric Gel for Skin & Hair 150ml,https://mamaearth.in/product/aloe-turmeric-gel-for-skin-hair-150ml,5,249,0%,150ml,"['100% pure aloe vera', 'turmeric', 'vitamin e']",Aloe Turmeric Gel for Skin & Hair 150ml
"Aloe Turmeric Gel for Skin & Hair 300ml (Saver Pack, get 20% extra)",https://mamaearth.in/product/aloe-turmeric-gel-for-skin-hair-300ml,4.9,399,0%,300ml,"['100% pure aloe vera', 'turmeric', 'vitamin e']","Aloe Turmeric Gel for Skin & Hair 300ml (Saver Pack, get 20% extra)"
"Oil-Free Face Moisturizer for Acne-Prone Skin, 80ml",https://mamaearth.in/product/oil-free-face-moisturizer-with-apple-cider-vinegar-for-acne-prone-skin,4.9,299,0%,80ml,"['apple cider vinegar', 'cetearyl octanoate', 'betaine', 'fatty acids']","Oil-Free Face Moisturizer for Acne-Prone Skin, 80ml"
"Anti Acne Combo: Oil Free Moisturizer, 80ml + Ultra Light Indian Sunscreen, 80ml",https://mamaearth.in/product/anti-acne-combo-oil-free-moisturizer-ultra-light-indian-sunscreen,5,774,3%,80ml,"['turmeric', 'carrot seed oil', 'apple cider vinegar', 'betaine']","Anti Acne Combo: Oil Free Moisturizer, 80ml + Ultra Light Indian Sunscreen, 80ml"
"Skin Lightening & Brightening Combo : Ubtan Facemask, 100ml + Ubtan Facewash, 100ml",https://mamaearth.in/product/mamaearth-combos-skin-lightening-and-brightening-combo,4.8,724,3%,100ml,"['saffron', 'turmeric', 'cucumber extract', 'carrot seed oil']","Skin Lightening & Brightening Combo : Ubtan Facemask, 100ml + Ubtan Facewash, 100ml"
"Sun Protection Combo : Sunscreen, 80ml + Ubtan Facewash, 100ml",https://mamaearth.in/product/sun-protection-combo-sunscreen-ubtan-facewash,5,724,3%,80ml,"['saffron', 'turmeric', 'carrot seed oil', 'cucumber extract']","Sun Protection Combo : Sunscreen, 80ml + Ubtan Facewash, 100ml"
"Ultra Light Indian Sunscreen with Carrot Seed, Turmeric & SPF 50 PA+++ - 80ml",https://mamaearth.in/product/mamaearths-ultra-light-indian-sunscreen,4.9,499,0%,80ml,"['carrot seed oil', 'turmeric', 'orange oil', 'cananga oil']","Ultra Light Indian Sunscreen with Carrot Seed, Turmeric & SPF 50 PA+++ - 80ml"
"Overnight Repair Face Cream, 50ml",https://mamaearth.in/product/natural-night-cream,4.3,599,0%,50ml,"['daisy flower', 'saffron']","Overnight Repair Face Cream, 50ml"
Day & Night Cream Combo,https://mamaearth.in/product/mamaearth-day-and-night-cream-combo,4.9,1099,8%,null,"['pomegranate oil', 'moringa oil', 'mulberry extract', 'murumuru butter', 'daisy flower', 'saffron']",Day & Night Cream Combo Natural Radiance day cream & Overnight Repair Face Cream combo Natural Radiance day creamMamaearth’s Overnight Repair cream
"Tea Tree Anti Dandruff Hair Mask, 200ml",https://mamaearth.in/product/mamaearth-tea-tree-anti-dandruff-hair-mask,5,599,0%,200ml,"['tea tree oil', 'argan oil', 'lemon oil', 'cedarwood oil']","Tea Tree Anti Dandruff Hair Mask, 200mlMamaearth's Tea Tree Hair Mask helps you soothe the irritating oily and flaky scalp by controlling dandruff, thus giving you an itch-free healthy scalp and nourished hair. Lemon oil & Tea Tree oil make sure that the oil & dandruff are at bay while Coconut oil & Argan oil present in mask moisturize & nourish your hair. No matter what type of hair you have - dry hair, curly hair, colored hair, treated hair, oily hair – Mamaearth Tea Tree Mask suits them all!"
"Healthy Hair Combo : Shampoo, 200ml + Conditioner, 200ml",https://mamaearth.in/product/happy-heads-shampoo-no-more-tangles-conditioner-twin-pack,5,679,3%,200ml,"['biotin', 'horse chestnut', 'amla extract', 'bhringraj extract']","Healthy Hair Combo : Shampoo, 200ml + Conditioner, 200ml"
Ubtan Face Mask with Saffron & Turmeric for Skin Brightening and Tan Removal - 100g,https://mamaearth.in/product/ubtan-face-mask-for-skin-lightening-brightening,4.8,499,0%,100g,"['saffron', 'turmeric', 'apricot oil']","Ubtan Face Mask with Saffron & Turmeric for Skin Brightening and Tan Removal - 100gIndulge in the age-old tradition of Ubtan and let it rejuvenate your face for a fresh, bright, flawless look.

The goodness of Ubtan comprises Turmeric and Saffron – both ingredients that are revered for their benefits in imparting glowing skin and tan removal. Saffron clears spots and helps in tan removal, while the antioxidant properties of Turmeric protect the skin cells from free radical damage while keeping it healthy. Apricot Oil and Cucumber present in the Ubtan Face Mask help exfoliate, soothe and reduce tan for a glowing look.

Mamaearth Ubtan Face Mask is suitable for all skin types and is free of Parabens, Silicones, Sulfates, Phthalates, and Artificial Colors.

"
"Charcoal Secrets : C3 Face Mask, 100ml + Charcoal Facewash, 100ml",https://mamaearth.in/product/charcoal-secrets-c3-face-mask-charcoal-face-wash,4.8,799,6%,100ml,"['charcoal', 'coffee', 'kaolin clay', 'bentonite clay', 'tea tree oil']","Charcoal Secrets : C3 Face Mask, 100ml + Charcoal Facewash, 100ml"
"Natural Radiance Day Cream, 50ml",https://mamaearth.in/product/mamaearth-natural-radiance-day-cream,4.9,599,0%,50ml,"['pomegranate oil', 'moringa oil', 'mulberry extract', 'murumuru butter']","Natural Radiance Day Cream, 50ml"
"Charcoal Facewash for oil control, 100ml",https://mamaearth.in/product/best-charcoal-face-wash,4.8,249,0%,100ml,"['charcoal', 'clay', 'coffee', 'tea tree oil']","Charcoal Facewash for oil control, 100ml"
"Tea Tree Facewash for acne & pimples, 100ml",https://mamaearth.in/product/tea-tree-face-wash,4.9,249,0%,100ml,"['neem', 'aloe vera', 'tea tree oil']","Tea Tree Facewash for acne & pimples, 100ml"
"Ubtan Face Wash for Tan Removal, 100ml",https://mamaearth.in/product/ubtan-face-wash,4.9,249,0%,100ml,"['turmeric', 'walnut beads', 'licorice extract', 'carrot oil']","Ubtan Face Wash for Tan Removal, 100ml"
"Argan Hair Mask with Argan, Avocado Oil, and Milk Protein for Frizz-free & Stronger Hair – 200ml",https://mamaearth.in/product/argan-hair-mask,4.8,599,0%,200ml,"['argan oil', 'avocado oil', 'rosemary oil', 'milk protein']","Argan Hair Mask with Argan, Avocado Oil, and Milk Protein for Frizz-free & Stronger Hair – 200ml"
"C3 Face Mask for healthy & glowing skin, 100ml",https://mamaearth.in/product/buy-charcoal-face-mask,4.8,599,0%,100ml,"['charcoal', 'coffee', 'kaolin clay', 'bentonite clay']","C3 Face Mask for healthy & glowing skin, 100ml"
Anti Hair Fall Kit for complete hair care,https://mamaearth.in/product/anti-hair-fall-kit,4.8,1149,28%,null,"['bhringraj oil', 'biotin', 'cocoa butter', 'korean red ginseng']",Anti Hair Fall Kit for complete hair care
"Shampoo & Bodywash for men, 200ml",https://mamaearth.in/product/natural-shampoo-and-bodywash,4.9,349,0%,200ml,"['caffeine', 'tea tree oil', 'menthol']","Shampoo & Bodywash for men, 200ml"
"Reboot After Shave Lotion, 100ml",https://mamaearth.in/product/mens-aftershave-lotions,4.9,349,0%,100ml,"['green tea', 'witch hazel', 'tea tree oil']","Reboot After Shave Lotion, 100ml"
Hydrating Natural Body Lotion with Cucumber & Aloe Vera for Normal Skin - 250ml,https://mamaearth.in/product/body-lotion-for-normal-skin,5,299,0%,250ml,"['cucumber', 'aloe vera', 'coconut oil', 'shea butter']",Hydrating Natural Body Lotion with Cucumber & Aloe Vera for Normal Skin - 250ml
Tea Tree Anti-Dandruff Hair Regime Kit,https://mamaearth.in/product/tea-tree-anti-dandruff-hair-kit,4.9,999,23%,null,"['tea tree oil', 'agaan oil', 'lemon oil', 'cedarwood oil', 'ginger oil', 'vitamin e', 'almond oil']",Tea Tree Anti-Dandruff Hair Regime Kit
Tea Tree Shampoo for Dandruff Free Hair - 250ml,https://mamaearth.in/product/tea-tree-shampoo-for-dandruff-free-hair-250ml,4.9,349,0%,250ml,"['tea tree oil', 'ginger oil', 'vitamin e']","Tea Tree Shampoo for Dandruff Free Hair - 250mlStimulate and renew your hair with an outlandish mix of Tea Tree and Ginger Oil that helps in reducing itch & irritation while contributing to the health and cleanliness of the scalp and soothing dryness and itchiness.Mamaearth Tea Tree Shampoo is made using natural ingredients and makes sure that dandruff and excess oil is gently worked on & removed. It helps soothe irritating, oily, and flaky scalp by controlling dandruff; thus, giving you an itch-free healthy scalp and nourished hair. Vitamin E present in this shampoo helps maintain hair growth while promoting blood circulation, preventing breakage and deeply moisturizing hair.Safe for colored & chemically treated hair, this shampoo is free of harmful chemicals & toxins such as Silicones, Parabens, Mineral Oil, & Dyes."
Mamaearth Healing Body Lotion with Moroccan Argan and Macadamia Nut Oil for Dry Skin - 250 ml,https://mamaearth.in/product/healing-body-lotion,4.5,299,0%,250ml,"['moroccan argan oil', 'macadamia nut oil', 'olive oil']",Mamaearth Healing Body Lotion with Moroccan Argan and Macadamia Nut Oil for Dry Skin - 250 ml
Vitamin C Face Wash with Vitamin C and Turmeric for Skin Illumination – 250ml,https://mamaearth.in/product/vitamin-c-face-wash-with-vitamin-c-and-turmeric-for-skin-illumination-250ml,5,399,0%,250ml,"['vitamin c', 'turmeric', 'aloe vera']","Vitamin C Face Wash with Vitamin C and Turmeric for Skin Illumination – 250mlThe first step in a skincare routine, cleansing or washing your face, helps eliminate excess oil, dirt, and lethargy.Mamaearth Vitamin C Face Wash with Vitamin C and Turmeric's goodness has brightening properties to give your skin a natural glow. It also helps in skin repair by boosting collagen production and blood circulation, leaving the skin radiant and healthy. Perfect for daily use, this face wash suits all skin types, retains moisture, controls excess oil, and fights free radical damage. Dermatologically tested, this Vitamin C Face Wash has no harmful chemicals and is free of Toxins, Parabens, and Mineral Oils."
Vitamin C Bamboo Sheet Mask with Vitamin C & Honey for Skin Illumination - 25 g,https://mamaearth.in/product/vitamin-c-bamboo-sheet-mask-with-vitamin-c-honey-for-skin-illumination-25-g,5,149,0%,25g,"['vitamin c', 'honey', 'argan oil', 'niacinamide']","Vitamin C Bamboo Sheet Mask with Vitamin C & Honey for Skin Illumination - 25 gNeed that instant Vitamin C glow for your skin? Vitamin C Bamboo Sheet Mask is the pick me up your skin needs! Go, become a glow getter in just 15 minutes.Crafted with the goodness of Vitamin C and Honey, the sheet mask helps fight free-radical damage and reduces dark spots. Honey keeps the skin moisturized and plump. Together, they will make your skin look radiant. Want more? Our sheet masks come packed with nine days of serum hydration, giving you the shot of suppleness it needs.Mamaearth sheet masks are India’s 1st Bamboo-Based Masks, which means they’re gentle and biodegradable - great for your skin and great for the environment. The sheet mask is suitable for all skin types, is free of alcohol & harmful toxins such as Parabens, Mineral Oil, Silicones, etc."
Rose Water Bamboo Sheet Mask with Rose Water & Milk for Glowing Skin - 25 g,https://mamaearth.in/product/rose-water-bamboo-sheet-mask-with-rose-water-milk-for-glowing-skin-25-g,5,149,0%,25g,"['rose water', 'milk', 'niacinamide', 'avocado']","Rose Water Bamboo Sheet Mask with Rose Water & Milk for Glowing Skin - 25 gWake up and smell the roses - quite literally! Everyone wishes for hydrated, healthy, and glowing skin, and it’s time to make those dreams come true. Give your skin the freshness of roses and the brightness of milk with our Rose Water Bamboo Sheet Mask.Fight dehydration and dryness and say goodbye to skin problems like parched skin and dullness because Mamaearth Rose Bamboo Sheet Mask will give your skin a burst of moisture because it’s packed with nine days of serum hydration. Your skin will feel soft and soothed instantly and you’ll notice a natural, healthy glow. This is India’s 1st Bamboo-Based Sheet Mask. It’s gentle on your skin and biodegradable, making it great for you and for the environment. It is suitable for all skin types, is free of alcohol & harmful toxins such as Parabens, Mineral Oil, Silicones, etc."
Ubtan Bamboo Sheet Mask with Turmeric & Saffron for Skin Brightening - 25 g,https://mamaearth.in/product/ubtan-bamboo-sheet-mask-with-turmeric-saffron-for-skin-brightening-25-g,5,149,0%,25g,"['turmeric', 'saffron', 'green tea', 'kiwi']","Ubtan Bamboo Sheet Mask with Turmeric & Saffron for Skin Brightening - 25 gDo you want the traditional goodness of Turmeric and Saffron, without the hassle? Yes, please! Get brighter, more hydrated and fresher looking skin with Ubtan Bamboo Sheet Mask. This sheet mask is super effective as each one comes packed with nine days of serum hydration, making your skin brighter in just 15 minutes. Time to Get, Set, GLOW! Crafted with the goodness of Turmeric and Saffron, the Ubtan Bamboo Sheet Mask will help you win the battle against dull skin, dark spots & pigmentation. Our sheet masks aren’t just good for your skin, they’re environment-friendly too because they’re India’s 1st Bamboo-Based Sheet Masks. They are suitable for all skin types, are free of alcohol & harmful toxins such as Parabens, Mineral Oil, Silicones, etc.Our sheet masks aren’t just good for your skin, they’re environment-friendly too because they’re India’s 1st Bamboo-Based Sheet Masks. They are suitable for all skin types, are free of alcohol & harmful toxins such as Parabens, Mineral Oil, Silicones, etc."
Tea Tree Shampoo + Onion Hair Oil,https://mamaearth.in/product/tea-tree-shampoo-onion-hair-oil,5,724,3%,null,"['tea tree oil', 'ginger oil', 'vitamin e']",Tea Tree Shampoo + Onion Hair Oil
